﻿{
    "taskMessage": "Go to the lobby, grasp the spray_bottle under the dartboard and throw it in the cardboard_box.",
    "correctedTaskMessage": "",
    "environmentName": "LayoutHM02",
    "isEnvironmentNameSent": true,
    "graspingTargetName": "spray_bottle#1",
    "destinationName": "cardboard_box#living_room",
    "graspablesPositions": [
        {
            "name": "empty_plastic_bottle#1",
            "position": {
                "x": 0.9189996719360352,
                "y": 0.7109999656677246,
                "z": 10.704999923706055
            },
            "eulerAngles": {
                "x": 0.0,
                "y": 180.0,
                "z": 0.0
            }
        },
        {
            "name": "empty_ketchup#1",
            "position": {
                "x": -9.109000205993653,
                "y": 0.4480000138282776,
                "z": 2.124000072479248
            },
            "eulerAngles": {
                "x": 0.0,
                "y": 190.0,
                "z": 0.0
            }
        },
        {
            "name": "apple#1",
            "position": {
                "x": -1.005000114440918,
                "y": 0.7309999465942383,
                "z": 5.062000274658203
            },
            "eulerAngles": {
                "x": 0.0,
                "y": 270.0,
                "z": 0.0
            }
        },
        {
            "name": "ground_pepper#1",
            "position": {
                "x": -0.8330001831054688,
                "y": 0.8610000014305115,
                "z": 10.43600082397461
            },
            "eulerAngles": {
                "x": 0.0,
                "y": 180.0,
                "z": 0.0
            }
        },
        {
            "name": "toy_penguin#1",
            "position": {
                "x": -7.271999835968018,
                "y": 0.4960000216960907,
                "z": 2.805000066757202
            },
            "eulerAngles": {
                "x": 0.0,
                "y": 270.0,
                "z": 0.0
            }
        },
        {
            "name": "soysauce#1",
            "position": {
                "x": -5.500999927520752,
                "y": 0.3850000202655792,
                "z": 1.9270000457763672
            },
            "eulerAngles": {
                "x": 0.0,
                "y": 90.0,
                "z": 0.0
            }
        },
        {
            "name": "rubik's_cube#1",
            "position": {
                "x": -3.5399999618530275,
                "y": 0.38100001215934756,
                "z": 10.59000015258789
            },
            "eulerAngles": {
                "x": 0.0,
                "y": 180.0,
                "z": 0.0
            }
        },
        {
            "name": "toy_car#1",
            "position": {
                "x": -11.723999977111817,
                "y": 0.4259999990463257,
                "z": 6.623000144958496
            },
            "eulerAngles": {
                "x": 0.0,
                "y": 90.0,
                "z": 0.0
            }
        },
        {
            "name": "sugar#1",
            "position": {
                "x": 1.0329999923706055,
                "y": 0.4960000216960907,
                "z": 2.944000244140625
            },
            "eulerAngles": {
                "x": 0.0,
                "y": 270.0,
                "z": 0.0
            }
        },
        {
            "name": "salt#1",
            "position": {
                "x": 3.442999839782715,
                "y": 0.7109999656677246,
                "z": 10.746999740600586
            },
            "eulerAngles": {
                "x": 0.0,
                "y": 180.0,
                "z": 0.0
            }
        },
        {
            "name": "hourglass#1",
            "position": {
                "x": -8.259699821472168,
                "y": 0.6227999925613403,
                "z": 0.2800002098083496
            },
            "eulerAngles": {
                "x": 0.0,
                "y": 0.0,
                "z": 0.0
            }
        },
        {
            "name": "filled_ketchup#1",
            "position": {
                "x": -1.801999568939209,
                "y": 0.46300002932548525,
                "z": 0.31599998474121096
            },
            "eulerAngles": {
                "x": 0.0,
                "y": 0.0,
                "z": 0.0
            }
        },
        {
            "name": "nursing_bottle#1",
            "position": {
                "x": 1.2569999694824219,
                "y": 0.7109999656677246,
                "z": 10.713000297546387
            },
            "eulerAngles": {
                "x": 0.0,
                "y": 180.0,
                "z": 0.0
            }
        },
        {
            "name": "toy_duck#1",
            "position": {
                "x": -9.20300006866455,
                "y": 0.4480000138282776,
                "z": 2.946000099182129
            },
            "eulerAngles": {
                "x": 0.0,
                "y": 315.0,
                "z": 0.0
            }
        },
        {
            "name": "tumbler#1",
            "position": {
                "x": -4.420000076293945,
                "y": 0.5059999823570252,
                "z": 0.4420003890991211
            },
            "eulerAngles": {
                "x": 0.0,
                "y": 0.0,
                "z": 0.0
            }
        },
        {
            "name": "filled_plastic_bottle#1",
            "position": {
                "x": 0.4790000915527344,
                "y": 0.7459999918937683,
                "z": 8.753000259399414
            },
            "eulerAngles": {
                "x": 0.0,
                "y": 0.0,
                "z": 0.0
            }
        },
        {
            "name": "sauce#1",
            "position": {
                "x": -11.355199813842774,
                "y": 0.4440000057220459,
                "z": 2.6650002002716066
            },
            "eulerAngles": {
                "x": 0.0,
                "y": 90.0,
                "z": 0.0
            }
        },
        {
            "name": "white_cup#1",
            "position": {
                "x": -1.0419998168945313,
                "y": 0.7459999918937683,
                "z": 2.3570001125335695
            },
            "eulerAngles": {
                "x": 0.0,
                "y": 180.0,
                "z": 0.0
            }
        },
        {
            "name": "bear_doll#1",
            "position": {
                "x": 0.06999969482421875,
                "y": 0.7459999918937683,
                "z": 8.579999923706055
            },
            "eulerAngles": {
                "x": 0.0,
                "y": 270.0,
                "z": 0.0
            }
        },
        {
            "name": "cubic_clock#1",
            "position": {
                "x": -7.263000011444092,
                "y": 0.4960000216960907,
                "z": 2.267000198364258
            },
            "eulerAngles": {
                "x": 0.0,
                "y": 270.0,
                "z": 0.0
            }
        },
        {
            "name": "spray_bottle#1",
            "position": {
                "x": 1.0399999618530274,
                "y": 0.4949177,
                "z": 2.514001
            },
            "eulerAngles": {
                "x": 0.0,
                "y": 270.0,
                "z": 0.0
            }
        },
         {
            "name": "spray_bottle#2",
            "position": {
                "x": 0.005000114440918,
                "y": 0.7309999465942383,
                "z": 4.712000274658203
            },
            "eulerAngles": {
                "x": 0.0,
                "y": 270.0,
                "z": 0.0
            }
        },
       {
            "name": "rabbit_doll#1",
            "position": {
                "x": -0.008999824523925782,
                "y": 0.7459999918937683,
                "z": 8.076000213623047
            },
            "eulerAngles": {
                "x": 0.0,
                "y": 180.0,
                "z": 0.0
            }
        },
        {
            "name": "pink_cup#1",
            "position": {
                "x": -10.989999771118164,
                "y": 0.765999972820282,
                "z": 0.5199999809265137
            },
            "eulerAngles": {
                "x": 0.0,
                "y": 0.0,
                "z": 0.0
            }
        },
        {
            "name": "canned_juice#1",
            "position": {
                "x": 1.0819997787475587,
                "y": 0.3720000088214874,
                "z": 1.3460001945495606
            },
            "eulerAngles": {
                "x": 0.0,
                "y": 270.0,
                "z": 0.0
            }
        },
        {
            "name": "dog_doll#1",
            "position": {
                "x": -3.0399999618530275,
                "y": 0.38100001215934756,
                "z": 10.640000343322754
            },
            "eulerAngles": {
                "x": 0.0,
                "y": 180.0,
                "z": 0.0
            }
        },
        {
            "name": "cigarette#1",
            "position": {
                "x": -11.342599868774414,
                "y": 0.4440000057220459,
                "z": 1.8010001182556153
            },
            "eulerAngles": {
                "x": 0.0,
                "y": 90.0,
                "z": 0.0
            }
        }
    ],
    "destinationsPositions": [
        {
            "name": "white_side_table#living_room",
            "position": {
                "x": -7.0,
                "y": 0.0,
                "z": 2.3500001430511476
            },
            "eulerAngles": {
                "x": 0.0,
                "y": 90.0,
                "z": 0.0
            }
        },
        {
            "name": "square_low_table#living_room",
            "position": {
                "x": -11.20199966430664,
                "y": 0.0,
                "z": 2.250000238418579
            },
            "eulerAngles": {
                "x": 0.0,
                "y": 90.0,
                "z": 0.0
            }
        },
        {
            "name": "round_low_table#living_room",
            "position": {
                "x": -9.057000160217286,
                "y": 0.0,
                "z": 2.5910000801086427
            },
            "eulerAngles": {
                "x": 0.0,
                "y": 90.0,
                "z": 0.0
            }
        },
        {
            "name": "cardboard_box#living_room",
            "position": {
                "x": -7.052000045776367,
                "y": 0.21799999475479127,
                "z": 3.63700008392334
            },
            "eulerAngles": {
                "x": 0.0,
                "y": 10.000003814697266,
                "z": 0.0
            }
        },
        {
            "name": "armchair#lobby",
            "position": {
                "x": -4.380000114440918,
                "y": 0.0,
                "z": 0.1700000762939453
            },
            "eulerAngles": {
                "x": 0.0,
                "y": 0.0,
                "z": 0.0
            }
        },
        {
            "name": "white_side_table#lobby",
            "position": {
                "x": 1.2700004577636719,
                "y": 0.0,
                "z": 2.6010000705718996
            },
            "eulerAngles": {
                "x": 0.0,
                "y": 90.0,
                "z": 0.0
            }
        },
        {
            "name": "wooden_side_table#lobby",
            "position": {
                "x": -5.63100004196167,
                "y": 0.0,
                "z": 2.0940001010894777
            },
            "eulerAngles": {
                "x": 0.0,
                "y": 90.0,
                "z": 0.0
            }
        },
        {
            "name": "dining_table#lobby",
            "position": {
                "x": -2.0900001525878908,
                "y": 0.0,
                "z": 2.571000099182129
            },
            "eulerAngles": {
                "x": 0.0,
                "y": 0.0,
                "z": 0.0
            }
        },
        {
            "name": "wooden_shelf#lobby",
            "position": {
                "x": -5.572999954223633,
                "y": 0.0,
                "z": 3.250000238418579
            },
            "eulerAngles": {
                "x": 0.0,
                "y": 90.0,
                "z": 0.0
            }
        },
        {
            "name": "dining_table#kitchen",
            "position": {
                "x": 1.0299997329711915,
                "y": 0.0,
                "z": 8.371000289916993
            },
            "eulerAngles": {
                "x": 0.0,
                "y": 0.0,
                "z": 0.0
            }
        },
        {
            "name": "wooden_side_table#kitchen",
            "position": {
                "x": -3.308000087738037,
                "y": 0.0,
                "z": 10.708000183105469
            },
            "eulerAngles": {
                "x": 0.0,
                "y": 0.0,
                "z": 0.0
            }
        },
        {
            "name": "trash_box_for_recycle#kitchen",
            "position": {
                "x": -4.9589996337890629,
                "y": 0.0,
                "z": 7.902000427246094
            },
            "eulerAngles": {
                "x": 0.0,
                "y": 192.0299835205078,
                "z": 0.0
            }
        },
        {
            "name": "trash_box_for_bottle_can#kitchen",
            "position": {
                "x": -4.899999618530273,
                "y": 0.0,
                "z": 8.621999740600586
            },
            "eulerAngles": {
                "x": 0.0,
                "y": 180.0,
                "z": 0.0
            }
        },
        {
            "name": "wagon#lobby",
            "position": {
                "x": -0.7849998474121094,
                "y": 0.0,
                "z": 4.920000076293945
            },
            "eulerAngles": {
                "x": 0.0,
                "y": 0.0,
                "z": 0.0
            }
        },
        {
            "name": "Moderator",
            "position": {
                "x": 0.0,
                "y": 0.0,
                "z": 0.0
            },
            "eulerAngles": {
                "x": 0.0,
                "y": 0.0,
                "z": 0.0
            }
        }
    ]
}
