﻿{
    "taskMessage": "Go to the lobby, grasp the rubik's_cube on the white_side_table and put it in the trash_box_for_recycle.",
    "correctedTaskMessage": "",
    "environmentName": "LayoutHM02",
    "isEnvironmentNameSent": true,
    "graspingTargetName": "rubik's_cube#1",
    "destinationName": "trash_box_for_recycle#kitchen",
    "graspablesPositions": [
        {
            "name": "cubic_clock#1",
            "position": {
                "x": 0.6359996795654297,
                "y": 0.7459999918937683,
                "z": 8.780000686645508
            },
            "eulerAngles": {
                "x": 0.0,
                "y": 0.0,
                "z": 0.0
            }
        },
        {
            "name": "bear_doll#1",
            "position": {
                "x": -9.288000106811524,
                "y": 0.4560000002384186,
                "z": 0.3260002136230469
            },
            "eulerAngles": {
                "x": 0.0,
                "y": 0.0,
                "z": 0.0
            }
        },
        {
            "name": "toy_car#1",
            "position": {
                "x": -3.121999740600586,
                "y": 0.7459999918937683,
                "z": 2.3550002574920656
            },
            "eulerAngles": {
                "x": 0.0,
                "y": 270.0,
                "z": 0.0
            }
        },
        {
            "name": "sauce#1",
            "position": {
                "x": 2.5595998764038088,
                "y": 0.3009999990463257,
                "z": 10.711999893188477
            },
            "eulerAngles": {
                "x": 0.0,
                "y": 180.0,
                "z": 0.0
            }
        },
        {
            "name": "cigarette#1",
            "position": {
                "x": -7.263000011444092,
                "y": 0.4960000216960907,
                "z": 2.3450002670288088
            },
            "eulerAngles": {
                "x": 0.0,
                "y": 270.0,
                "z": 0.0
            }
        },
        {
            "name": "rubik's_cube#1",
            "position": {
                "x": 1.0270004272460938,
                "y": 0.4960000216960907,
                "z": 3.199000120162964
            },
            "eulerAngles": {
                "x": 0.0,
                "y": 270.0,
                "z": 0.0
            }
        },
        {
            "name": "tumbler#1",
            "position": {
                "x": 2.0340003967285158,
                "y": 0.7459999918937683,
                "z": 8.10300064086914
            },
            "eulerAngles": {
                "x": 0.0,
                "y": 90.0,
                "z": 0.0
            }
        },
        {
            "name": "empty_plastic_bottle#1",
            "position": {
                "x": -8.246999740600586,
                "y": 0.6227999925613403,
                "z": 0.3450002670288086
            },
            "eulerAngles": {
                "x": 0.0,
                "y": 0.0,
                "z": 0.0
            }
        },
        {
            "name": "canned_juice#1",
            "position": {
                "x": 1.1029996871948243,
                "y": 0.6919999718666077,
                "z": 1.2900002002716065
            },
            "eulerAngles": {
                "x": 0.0,
                "y": 270.0,
                "z": 0.0
            }
        },
        {
            "name": "nursing_bottle#1",
            "position": {
                "x": 3.368000030517578,
                "y": 0.7109999656677246,
                "z": 10.746999740600586
            },
            "eulerAngles": {
                "x": 0.0,
                "y": 180.0,
                "z": 0.0
            }
        },
        {
            "name": "white_cup#1",
            "position": {
                "x": -11.722000122070313,
                "y": 0.4259999990463257,
                "z": 6.607000350952148
            },
            "eulerAngles": {
                "x": 0.0,
                "y": 90.0,
                "z": 0.0
            }
        },
        {
            "name": "apple#1",
            "position": {
                "x": 0.2480001449584961,
                "y": 0.7309999465942383,
                "z": 4.729000091552734
            },
            "eulerAngles": {
                "x": 0.0,
                "y": 90.0,
                "z": 0.0
            }
        },
        {
            "name": "filled_ketchup#1",
            "position": {
                "x": 0.9689998626708984,
                "y": 0.7109999656677246,
                "z": 10.704999923706055
            },
            "eulerAngles": {
                "x": 0.0,
                "y": 180.0,
                "z": 0.0
            }
        },
        {
            "name": "toy_duck#1",
            "position": {
                "x": -7.271999835968018,
                "y": 0.4960000216960907,
                "z": 2.9060001373291017
            },
            "eulerAngles": {
                "x": 0.0,
                "y": 244.39791870117188,
                "z": 0.0
            }
        },
        {
            "name": "salt#1",
            "position": {
                "x": 1.130000114440918,
                "y": 1.0519999265670777,
                "z": 0.9190001487731934
            },
            "eulerAngles": {
                "x": 0.0,
                "y": 270.0,
                "z": 0.0
            }
        },
        {
            "name": "dog_doll#1",
            "position": {
                "x": -3.1570000648498537,
                "y": 0.38100001215934756,
                "z": 10.588000297546387
            },
            "eulerAngles": {
                "x": 0.0,
                "y": 180.0,
                "z": 0.0
            }
        },
        {
            "name": "ground_pepper#1",
            "position": {
                "x": -9.3149995803833,
                "y": 0.4480000138282776,
                "z": 2.8340001106262209
            },
            "eulerAngles": {
                "x": 0.0,
                "y": 315.0,
                "z": 0.0
            }
        },
        {
            "name": "toy_penguin#1",
            "position": {
                "x": -4.2820000648498539,
                "y": 0.5059999823570252,
                "z": 0.47700023651123049
            },
            "eulerAngles": {
                "x": 0.0,
                "y": 0.0,
                "z": 0.0
            }
        },
        {
            "name": "hourglass#1",
            "position": {
                "x": 0.020999908447265626,
                "y": 0.7459999918937683,
                "z": 8.003999710083008
            },
            "eulerAngles": {
                "x": 0.0,
                "y": 223.9399871826172,
                "z": 0.0
            }
        },
        {
            "name": "pink_cup#1",
            "position": {
                "x": -9.210000038146973,
                "y": 0.4480000138282776,
                "z": 2.142000198364258
            },
            "eulerAngles": {
                "x": 0.0,
                "y": 190.0,
                "z": 0.0
            }
        },
        {
            "name": "sugar#1",
            "position": {
                "x": -1.7639999389648438,
                "y": 0.7459999918937683,
                "z": 3.002000093460083
            },
            "eulerAngles": {
                "x": 0.0,
                "y": 0.0,
                "z": 0.0
            }
        },
        {
            "name": "filled_plastic_bottle#1",
            "position": {
                "x": 2.569000244140625,
                "y": 0.7109999656677246,
                "z": 10.748000144958496
            },
            "eulerAngles": {
                "x": 0.0,
                "y": 180.0,
                "z": 0.0
            }
        },
        {
            "name": "rabbit_doll#1",
            "position": {
                "x": -11.378999710083008,
                "y": 0.4440000057220459,
                "z": 1.7450001239776612
            },
            "eulerAngles": {
                "x": 0.0,
                "y": 212.99998474121095,
                "z": 0.0
            }
        },
        {
            "name": "soysauce#1",
            "position": {
                "x": -1.8489999771118165,
                "y": 0.7459999918937683,
                "z": 2.133000135421753
            },
            "eulerAngles": {
                "x": 0.0,
                "y": 180.0,
                "z": 0.0
            }
        },
        {
            "name": "empty_ketchup#1",
            "position": {
                "x": -0.879000186920166,
                "y": 0.8610000014305115,
                "z": 10.43600082397461
            },
            "eulerAngles": {
                "x": 0.0,
                "y": 180.0,
                "z": 0.0
            }
        },
        {
            "name": "spray_bottle#1",
            "position": {
                "x": -10.86199951171875,
                "y": 0.765999972820282,
                "z": 0.5199999809265137
            },
            "eulerAngles": {
                "x": 0.0,
                "y": 0.0,
                "z": 0.0
            }
        }
    ],
    "destinationsPositions": [
        {
            "name": "white_side_table#living_room",
            "position": {
                "x": -7.0,
                "y": 0.0,
                "z": 2.3500001430511476
            },
            "eulerAngles": {
                "x": 0.0,
                "y": 90.0,
                "z": 0.0
            }
        },
        {
            "name": "square_low_table#living_room",
            "position": {
                "x": -11.20199966430664,
                "y": 0.0,
                "z": 2.250000238418579
            },
            "eulerAngles": {
                "x": 0.0,
                "y": 90.0,
                "z": 0.0
            }
        },
        {
            "name": "round_low_table#living_room",
            "position": {
                "x": -9.057000160217286,
                "y": 0.0,
                "z": 2.5910000801086427
            },
            "eulerAngles": {
                "x": 0.0,
                "y": 90.0,
                "z": 0.0
            }
        },
        {
            "name": "cardboard_box#living_room",
            "position": {
                "x": -7.052000045776367,
                "y": 0.21799999475479127,
                "z": 3.63700008392334
            },
            "eulerAngles": {
                "x": 0.0,
                "y": 10.000003814697266,
                "z": 0.0
            }
        },
        {
            "name": "armchair#lobby",
            "position": {
                "x": -4.380000114440918,
                "y": 0.0,
                "z": 0.1700000762939453
            },
            "eulerAngles": {
                "x": 0.0,
                "y": 0.0,
                "z": 0.0
            }
        },
        {
            "name": "white_side_table#lobby",
            "position": {
                "x": 1.2700004577636719,
                "y": 0.0,
                "z": 2.6010000705718996
            },
            "eulerAngles": {
                "x": 0.0,
                "y": 90.0,
                "z": 0.0
            }
        },
        {
            "name": "wooden_side_table#lobby",
            "position": {
                "x": -5.63100004196167,
                "y": 0.0,
                "z": 2.0940001010894777
            },
            "eulerAngles": {
                "x": 0.0,
                "y": 90.0,
                "z": 0.0
            }
        },
        {
            "name": "dining_table#lobby",
            "position": {
                "x": -2.0900001525878908,
                "y": 0.0,
                "z": 2.571000099182129
            },
            "eulerAngles": {
                "x": 0.0,
                "y": 0.0,
                "z": 0.0
            }
        },
        {
            "name": "wooden_shelf#lobby",
            "position": {
                "x": -5.572999954223633,
                "y": 0.0,
                "z": 3.250000238418579
            },
            "eulerAngles": {
                "x": 0.0,
                "y": 90.0,
                "z": 0.0
            }
        },
        {
            "name": "dining_table#kitchen",
            "position": {
                "x": 1.0299997329711915,
                "y": 0.0,
                "z": 8.371000289916993
            },
            "eulerAngles": {
                "x": 0.0,
                "y": 0.0,
                "z": 0.0
            }
        },
        {
            "name": "wooden_side_table#kitchen",
            "position": {
                "x": -3.308000087738037,
                "y": 0.0,
                "z": 10.708000183105469
            },
            "eulerAngles": {
                "x": 0.0,
                "y": 0.0,
                "z": 0.0
            }
        },
        {
            "name": "trash_box_for_recycle#kitchen",
            "position": {
                "x": -4.9589996337890629,
                "y": 0.0,
                "z": 7.902000427246094
            },
            "eulerAngles": {
                "x": 0.0,
                "y": 192.0299835205078,
                "z": 0.0
            }
        },
        {
            "name": "trash_box_for_bottle_can#kitchen",
            "position": {
                "x": -4.899999618530273,
                "y": 0.0,
                "z": 8.621999740600586
            },
            "eulerAngles": {
                "x": 0.0,
                "y": 180.0,
                "z": 0.0
            }
        },
        {
            "name": "wagon#lobby",
            "position": {
                "x": -0.7849998474121094,
                "y": 0.0,
                "z": 4.920000076293945
            },
            "eulerAngles": {
                "x": 0.0,
                "y": 0.0,
                "z": 0.0
            }
        },
        {
            "name": "Moderator",
            "position": {
                "x": 0.0,
                "y": 0.0,
                "z": 0.0
            },
            "eulerAngles": {
                "x": 0.0,
                "y": 0.0,
                "z": 0.0
            }
        }
    ]
}
