﻿{
    "taskMessage": "Go to the living room, grasp the soysauce on the white_shelf and throw it in the cardboard_box in the lobby.",
    "correctedTaskMessage": "",
    "environmentName": "Layout2021HM01",
    "isEnvironmentNameSent": true,
    "graspingTargetName": "soysauce#1",
    "destinationName": "cardboard_box#lobby",
    "graspablesPositions": [
        {
            "name": "rabbit_doll#1",
            "position": {
                "x": 6.420000076293945,
                "y": 0.4960000216960907,
                "z": 2.200000047683716
            },
            "eulerAngles": {
                "x": 0.0,
                "y": 0.0,
                "z": 0.0
            }
        },
        {
            "name": "empty_ketchup#1",
            "position": {
                "x": 2.749999761581421,
                "y": 0.7459999918937683,
                "z": 3.0399999618530275
            },
            "eulerAngles": {
                "x": 0.0,
                "y": 270.0,
                "z": 0.0
            }
        },
        {
            "name": "hourglass#1",
            "position": {
                "x": 9.319999694824219,
                "y": 0.4960000216960907,
                "z": -5.109999656677246
            },
            "eulerAngles": {
                "x": 0.0,
                "y": 180.0,
                "z": 0.0
            }
        },
        {
            "name": "bear_doll#1",
            "position": {
                "x": 6.789999961853027,
                "y": 0.4960000216960907,
                "z": 2.194999933242798
            },
            "eulerAngles": {
                "x": 0.0,
                "y": 90.0,
                "z": 0.0
            }
        },
        {
            "name": "ground_pepper#1",
            "position": {
                "x": -1.1500000953674317,
                "y": 0.4985000193119049,
                "z": 3.819999933242798
            },
            "eulerAngles": {
                "x": 0.0,
                "y": 90.0,
                "z": 0.0
            }
        },
        {
            "name": "dog_doll#1",
            "position": {
                "x": 4.191999912261963,
                "y": 0.6859999895095825,
                "z": -2.819999933242798
            },
            "eulerAngles": {
                "x": 0.0,
                "y": 90.0,
                "z": 0.0
            }
        },
        {
            "name": "camera#1",
            "position": {
                "x": 6.849999904632568,
                "y": 0.4960000216960907,
                "z": 3.0
            },
            "eulerAngles": {
                "x": 0.0,
                "y": 90.0,
                "z": 0.0
            }
        },
        {
            "name": "white_cup#1",
            "position": {
                "x": 2.3299999237060549,
                "y": 0.7259999513626099,
                "z": -0.9000000357627869
            },
            "eulerAngles": {
                "x": 0.0,
                "y": 0.0,
                "z": 0.0
            }
        },
        {
            "name": "spray_bottle#1",
            "position": {
                "x": 7.389999866485596,
                "y": 0.7463734745979309,
                "z": -2.049999952316284
            },
            "eulerAngles": {
                "x": 0.0,
                "y": 180.0,
                "z": 0.0
            }
        },
        {
            "name": "tumbler#1",
            "position": {
                "x": 10.15999984741211,
                "y": 0.5507117509841919,
                "z": 2.190000057220459
            },
            "eulerAngles": {
                "x": 0.0,
                "y": 0.0,
                "z": 0.0
            }
        },
        {
            "name": "filled_plastic_bottle#1",
            "position": {
                "x": -1.080000400543213,
                "y": 0.4985000193119049,
                "z": 3.2799999713897707
            },
            "eulerAngles": {
                "x": 0.0,
                "y": 90.0,
                "z": 0.0
            }
        },
        {
            "name": "sugar#1",
            "position": {
                "x": 10.722999572753907,
                "y": 0.4960000216960907,
                "z": -2.1100001335144045
            },
            "eulerAngles": {
                "x": 0.0,
                "y": 270.0,
                "z": 0.0
            }
        },
        {
            "name": "toy_car#1",
            "position": {
                "x": 10.629999160766602,
                "y": 0.5059999823570252,
                "z": 5.360000133514404
            },
            "eulerAngles": {
                "x": 0.0,
                "y": 90.0,
                "z": 0.0
            }
        },
        {
            "name": "cigarette#1",
            "position": {
                "x": 0.6399998664855957,
                "y": 0.6419999599456787,
                "z": 5.880000114440918
            },
            "eulerAngles": {
                "x": 0.0,
                "y": 270.0,
                "z": 0.0
            }
        },
        {
            "name": "empty_plastic_bottle#1",
            "position": {
                "x": 8.389999389648438,
                "y": 0.7463734745979309,
                "z": -1.7020000219345093
            },
            "eulerAngles": {
                "x": 0.0,
                "y": 0.0,
                "z": 0.0
            }
        },
        {
            "name": "apple#1",
            "position": {
                "x": 6.599999904632568,
                "y": 0.4960000216960907,
                "z": 3.359999895095825
            },
            "eulerAngles": {
                "x": 0.0,
                "y": 90.0,
                "z": 0.0
            }
        },
        {
            "name": "nursing_bottle#1",
            "position": {
                "x": 1.6299996376037598,
                "y": 0.7459999918937683,
                "z": 3.6600000858306886
            },
            "eulerAngles": {
                "x": 0.0,
                "y": 180.0,
                "z": 0.0
            }
        },
        {
            "name": "matryoshka#1",
            "position": {
                "x": 10.718999862670899,
                "y": 0.4960000216960907,
                "z": -3.1500000953674318
            },
            "eulerAngles": {
                "x": 0.0,
                "y": 270.0,
                "z": 0.0
            }
        },
        {
            "name": "rubik's_cube#1",
            "position": {
                "x": 10.760000228881836,
                "y": 0.5506044030189514,
                "z": 2.6399998664855959
            },
            "eulerAngles": {
                "x": 0.0,
                "y": 0.0,
                "z": 0.0
            }
        },
        {
            "name": "pink_cup#1",
            "position": {
                "x": -1.2899999618530274,
                "y": 0.6919999718666077,
                "z": 6.078100204467773
            },
            "eulerAngles": {
                "x": 0.0,
                "y": 90.0,
                "z": 0.0
            }
        },
        {
            "name": "toy_duck#1",
            "position": {
                "x": 9.079999923706055,
                "y": 0.7463734745979309,
                "z": -2.190000057220459
            },
            "eulerAngles": {
                "x": 0.0,
                "y": 90.0,
                "z": 0.0
            }
        },
        {
            "name": "canned_juice#1",
            "position": {
                "x": -1.1800003051757813,
                "y": 0.4985000193119049,
                "z": 2.7799999713897707
            },
            "eulerAngles": {
                "x": 0.0,
                "y": 270.0,
                "z": 0.0
            }
        },
        {
            "name": "sauce#1",
            "position": {
                "x": 8.331999778747559,
                "y": 0.7463734745979309,
                "z": -2.4100000858306886
            },
            "eulerAngles": {
                "x": 0.0,
                "y": 0.0,
                "z": 0.0
            }
        },
        {
            "name": "soysauce#1",
            "position": {
                "x": -0.9000000953674316,
                "y": 0.6919999718666077,
                "z": 6.067000389099121
            },
            "eulerAngles": {
                "x": 0.0,
                "y": 90.0,
                "z": 0.0
            }
        },
        {
            "name": "filled_ketchup#1",
            "position": {
                "x": 8.699999809265137,
                "y": 0.4960000216960907,
                "z": -5.239999771118164
            },
            "eulerAngles": {
                "x": 0.0,
                "y": 180.0,
                "z": 0.0
            }
        },
        {
            "name": "toy_penguin#1",
            "position": {
                "x": 7.380000114440918,
                "y": 0.7463734745979309,
                "z": -1.7100000381469727
            },
            "eulerAngles": {
                "x": 0.0,
                "y": 0.0,
                "z": 0.0
            }
        },
        {
            "name": "salt#1",
            "position": {
                "x": 8.010000228881836,
                "y": 0.7463734745979309,
                "z": -2.059999942779541
            },
            "eulerAngles": {
                "x": 0.0,
                "y": 180.0,
                "z": 0.0
            }
        },
        {
            "name": "cubic_clock#1",
            "position": {
                "x": 10.708999633789063,
                "y": 0.4960000216960907,
                "z": -2.6600000858306886
            },
            "eulerAngles": {
                "x": 0.0,
                "y": 270.0,
                "z": 0.0
            }
        }
    ],
    "destinationsPositions": [
        {
            "name": "wooden_bed#bedroom",
            "position": {
                "x": 10.52400016784668,
                "y": 0.0,
                "z": 1.3249999284744263
            },
            "eulerAngles": {
                "x": 0.0,
                "y": 0.0,
                "z": 0.0
            }
        },
        {
            "name": "white_side_table#bedroom_1",
            "position": {
                "x": 6.659999847412109,
                "y": 0.0,
                "z": 2.799999952316284
            },
            "eulerAngles": {
                "x": 0.0,
                "y": 90.0,
                "z": 0.0
            }
        },
        {
            "name": "wagon#bedroom",
            "position": {
                "x": 9.170000076293946,
                "y": 0.0,
                "z": 1.1699999570846558
            },
            "eulerAngles": {
                "x": 0.0,
                "y": 0.0,
                "z": 0.0
            }
        },
        {
            "name": "armchair#bedroom",
            "position": {
                "x": 10.779999732971192,
                "y": 0.0,
                "z": 5.5
            },
            "eulerAngles": {
                "x": 0.0,
                "y": 270.0,
                "z": 0.0
            }
        },
        {
            "name": "cardboard_box#lobby",
            "position": {
                "x": 7.149999618530273,
                "y": 0.21799999475479127,
                "z": -5.489999771118164
            },
            "eulerAngles": {
                "x": 0.0,
                "y": 0.0,
                "z": 0.0
            }
        },
        {
            "name": "corner_sofa#lobby",
            "position": {
                "x": 10.829999923706055,
                "y": 0.0,
                "z": -4.069999694824219
            },
            "eulerAngles": {
                "x": 0.0,
                "y": 0.0,
                "z": 0.0
            }
        },
        {
            "name": "white_side_table#lobby",
            "position": {
                "x": 10.917999267578125,
                "y": 0.0,
                "z": -2.577000141143799
            },
            "eulerAngles": {
                "x": 0.0,
                "y": 90.0,
                "z": 0.0
            }
        },
        {
            "name": "dining_table#lobby",
            "position": {
                "x": 8.299999237060547,
                "y": 0.0,
                "z": -2.0299999713897707
            },
            "eulerAngles": {
                "x": 0.0,
                "y": 0.0,
                "z": 0.0
            }
        },
        {
            "name": "trash_box_for_burnable#lobby",
            "position": {
                "x": 4.119999885559082,
                "y": 0.0,
                "z": -1.9700000286102296
            },
            "eulerAngles": {
                "x": 0.0,
                "y": 180.0,
                "z": 0.0
            }
        },
        {
            "name": "wooden_shelf#lobby",
            "position": {
                "x": 4.062999725341797,
                "y": 0.0,
                "z": -2.940000057220459
            },
            "eulerAngles": {
                "x": 0.0,
                "y": 90.0,
                "z": 0.0
            }
        },
        {
            "name": "trash_box_for_burnable#living_room",
            "position": {
                "x": 1.0199999809265137,
                "y": 0.0,
                "z": -1.0600000619888306
            },
            "eulerAngles": {
                "x": 0.0,
                "y": 90.0,
                "z": 0.0
            }
        },
        {
            "name": "dining_table#living_room",
            "position": {
                "x": 2.2599997520446779,
                "y": 0.0,
                "z": 3.4100000858306886
            },
            "eulerAngles": {
                "x": 0.0,
                "y": 0.0,
                "z": 0.0
            }
        },
        {
            "name": "white_side_table#living_room",
            "position": {
                "x": -1.3400001525878907,
                "y": 0.0,
                "z": 3.2899999618530275
            },
            "eulerAngles": {
                "x": 0.0,
                "y": 90.0,
                "z": 0.0
            }
        },
        {
            "name": "wagon#living_room",
            "position": {
                "x": 2.319999933242798,
                "y": 0.0,
                "z": -1.0800000429153443
            },
            "eulerAngles": {
                "x": 0.0,
                "y": 0.0,
                "z": 0.0
            }
        },
        {
            "name": "Moderator",
            "position": {
                "x": 0.0,
                "y": 0.0,
                "z": 0.0
            },
            "eulerAngles": {
                "x": 0.0,
                "y": 0.0,
                "z": 0.0
            }
        }
    ]
}
